{"cameraMode":{"drawMode":0,"name":"Shaded","section":"Shading Mode"},"sceneLighting":true,"audioPlay":false,"sceneViewState":{"m_AlwaysRefresh":false,"showFog":true,"showSkybox":true,"showFlares":true,"showImageEffects":true,"showParticleSystems":true,"showVisualEffectGraphs":true,"m_FxEnabled":true},"in2DMode":false,"pivot":{"x":-0.2323017120361328,"y":2.3185043334960939,"z":-6.607377052307129},"rotation":{"x":-0.43118539452552798,"y":-0.006227588281035423,"z":0.002978118835017085,"w":-0.9022555947303772},"size":18.667692184448243,"orthographic":false}